Mode,NLC,ASC,Station,Coverage,Source,Entries,Entries,Entries,Entries,Exits,Exits,Exits,Exits,en/ex
LU,500,ACTu,Acton Town,Station entry / exit,Gateline,"3,702","3,673","2,023","1,476","3,655","3,556","2,099","1,581","3,568,528"
LU,502,ALDu,Aldgate,Station entry / exit,Gateline,"2,489","2,447","1,819","1,706","2,822","2,948","2,017","1,815","2,775,844"
LU,503,ALEu,Aldgate East,Station entry / exit,Gateline,"3,198","3,351","2,336","1,320","3,005","3,073","2,386","1,281","3,144,899"
LU,505,ALPu,Alperton,Station entry / exit,Gateline,"2,073","2,086","1,210",757,"2,195","2,214","1,212",822,"2,064,990"
LU,506,AMEu,Amersham,Station entry / exit,Gateline,980,898,315,228,965,918,304,203,"863,361"
LU,507,ANGu,Angel,Station entry / exit,Gateline,"5,180","5,483","3,367","2,446","5,244","5,568","3,427","2,466","5,255,371"
LU,508,ARCu,Archway,Station entry / exit,Gateline,"4,621","4,640","2,614","1,871","4,526","4,492","2,432","1,782","4,429,802"
LU,509,AGRu,Arnos Grove,Station entry / exit,Gateline,"2,479","2,490","1,606","1,093","2,234","2,255","1,412","1,022","2,340,827"
LU,510,ARLu,Arsenal,Station entry / exit,Gateline,"1,055","1,088",757,577,883,891,630,546,"999,026"
LU,511,BSTu,Baker Street,Station entry / exit,Gateline,"8,770","8,863","4,905","3,825","8,542","8,590","4,857","3,795","8,475,976"
LU,512,BALu,Balham LU,Station entry / exit,Gateline,"5,204","5,406","3,547","2,318","5,241","5,414","3,500","2,330","5,241,275"
LU,513,BNKu,Bank and Monument,Station entry / exit,Gateline,"7,663","6,860","3,047","2,090","7,894","7,164","3,109","2,138","7,031,102"
LU,501,BARu,Barbican,Station entry / exit,Gateline,"2,847","2,771",934,618,"2,818","2,745",910,638,"2,537,108"
LU,514,BKGu,Barking,Station entry / exit,Gateline,"14,830","14,855","9,187","5,655","14,464","14,551","8,834","5,240","14,289,887"
LU,515,BDEu,Barkingside,Station entry / exit,Gateline,976,947,466,255,996,972,470,268,"915,270"
LU,516,BCTu,Barons Court,Station entry / exit,Gateline,"3,338","3,232","1,663","1,172","3,286","3,134","1,585","1,181","3,127,255"
LU,517,BAYu,Bayswater,Station entry / exit,Gateline,"1,104","1,073",799,600,"1,034","1,028",744,528,"1,086,943"
LU,518,BECu,Becontree,Station entry / exit,Gateline,"3,003","2,994","1,378",916,"2,895","2,816","1,360",860,"2,756,262"
LU,519,BPKu,Belsize Park,Station entry / exit,Gateline,"3,283","3,276","1,762","1,248","2,490","2,469","1,281",909,"2,769,409"
LU,787,BERu,Bermondsey,Station entry / exit,Gateline,"4,462","4,629","2,967","1,951","4,336","4,412","2,852","1,990","4,400,677"
LU,520,BNGu,Bethnal Green LU,Station entry / exit,Gateline,"6,734","6,978","5,147","3,995","6,366","6,572","4,968","3,828","6,849,607"
LU,521,BLFu,Blackfriars LU,Station entry / exit,Gateline,"3,417","3,177","1,056",838,"3,118","2,913",917,652,"2,894,042"
LU,522,BHRu,Blackhorse Road,Station entry / exit,Gateline,"6,494","6,565","3,859","2,614","6,125","6,138","3,568","2,417","6,158,916"
LU,524,BDSu,Bond Street,Station entry / exit,Gateline,"10,144","9,723","5,961","3,922","9,944","9,422","5,865","3,727","9,682,506"
LU,525,BORu,Borough,Station entry / exit,Gateline,"1,468","1,536","1,012",555,"1,448","1,518","1,152",616,"1,471,942"
LU,526,BOSu,Boston Manor,Station entry / exit,Gateline,"1,110","1,062",532,405,"1,096","1,064",526,394,"1,041,242"
LU,527,BGRu,Bounds Green,Station entry / exit,Gateline,"3,044","3,041","1,958","1,433","2,894","2,923","1,817","1,320","2,953,366"
LU,528,BWRu,Bow Road,Station entry / exit,Gateline,"2,870","2,900","1,439",996,"2,730","2,696","1,347",938,"2,660,676"
LU,529,BTXu,Brent Cross,Station entry / exit,Gateline,"1,463","1,446",757,574,"1,356","1,285",673,563,"1,348,186"
LU,778,BRXu,Brixton LU,Station entry / exit,Gateline,"12,551","13,025","9,269","7,378","11,912","12,305","9,035","7,134","12,735,503"
LU,530,BBBu,Bromley-by-Bow,Station entry / exit,Gateline,"2,750","2,782","1,302",889,"2,708","2,730","1,274",870,"2,575,616"
LU,531,BHLu,Buckhurst Hill,Station entry / exit,Gateline,926,901,513,327,889,862,452,284,"862,044"
LU,532,BURu,Burnt Oak,Station entry / exit,Gateline,"3,080","3,116","1,672","1,189","2,972","3,028","1,630","1,117","2,926,900"
LU,534,CRDu,Caledonian Road,Station entry / exit,Gateline,"2,373","2,537","1,544","1,137","2,264","2,383","1,456","1,129","2,343,114"
LU,535,CTNu,Camden Town,Station entry / exit,Gateline,"5,020","5,339","4,322","3,403","5,132","5,530","4,591","3,585","5,509,540"
LU,788,CWRu,Canada Water,Station entry / exit,Gateline,"5,651","5,932","5,268","3,831","5,576","5,904","5,269","3,834","6,129,616"
LU,852,CWFu,Canary Wharf LU,Station entry / exit,Gateline,"13,162","13,278","9,340","6,322","13,326","13,250","9,256","6,400","13,355,134"
LU,884,CNTu,Canning Town,Station entry / exit,Gateline,"10,035","10,208","9,061","6,524","9,612","9,923","8,639","6,081","10,546,032"
LU,536,CSTu,Cannon Street LU,Station entry / exit,Gateline,"1,917","1,759",590,375,"1,636","1,500",491,318,"1,559,861"
LU,537,CPKu,Canons Park,Station entry / exit,Gateline,"1,608","1,574",789,555,"1,563","1,536",795,535,"1,501,564"
LU,539,CLFu,Chalfont & Latimer,Station entry / exit,Scaled,977,871,323,180,868,826,320,190,"818,368"
LU,540,CHFu,Chalk Farm,Station entry / exit,Gateline,"1,667","1,719","1,488",989,"1,466","1,538","1,246",829,"1,661,516"
LU,541,CYLu,Chancery Lane,Station entry / exit,Gateline,"3,821","3,593","1,061",518,"4,063","3,809",994,544,"3,405,923"
LU,718,CHXu,Charing Cross LU,Station entry / exit,Gateline,"3,295","3,129","2,345","1,645","3,479","3,323","2,412","1,764","3,400,411"
LU,543,CHMu,Chesham,Station entry / exit,Gateline,676,662,325,195,656,637,277,163,"616,342"
LU,544,CHGu,Chigwell,Station entry / exit,Gateline,298,292,108,55,250,247,99,52,"247,222"
LU,545,CHPu,Chiswick Park,Station entry / exit,Gateline,"1,117","1,065",592,389,"1,177","1,114",494,311,"1,067,866"
LU,546,CWDu,Chorleywood,Station entry / exit,Scaled,950,780,288,245,778,698,303,261,"769,367"
LU,547,CPCu,Clapham Common,Station entry / exit,Gateline,"4,137","4,248","3,249","2,408","4,451","4,600","3,578","2,677","4,500,440"
LU,548,CPNu,Clapham North,Station entry / exit,Gateline,"2,806","2,848","2,223","1,627","2,714","2,685","2,085","1,587","2,868,042"
LU,549,CPSu,Clapham South,Station entry / exit,Gateline,"3,310","3,459","2,229","1,543","3,434","3,498","2,232","1,558","3,382,641"
LU,550,CFSu,Cockfosters,Station entry / exit,Gateline,902,848,613,477,857,827,623,453,"886,857"
LU,551,COLu,Colindale,Station entry / exit,Gateline,"4,566","4,551","2,586","1,848","4,374","4,338","2,414","1,762","4,335,294"
LU,552,CLWu,Colliers Wood,Station entry / exit,Gateline,"3,775","3,774","2,547","1,731","3,554","3,573","2,418","1,627","3,666,803"
LU,553,COVu,Covent Garden,Station entry / exit,Gateline,"1,312","1,396","1,452","1,075","1,493","1,547","1,795","1,301","1,621,548"
LU,554,CRXu,Croxley,Station entry / exit,Gateline,575,582,149,103,589,588,165,111,"515,420"
LU,555,DGEu,Dagenham East,Station entry / exit,Gateline,"2,783","2,757","1,306",806,"2,558","2,460","1,209",743,"2,490,581"
LU,556,DGHu,Dagenham Heathway,Station entry / exit,Gateline,"4,904","4,731","2,371","1,563","4,817","4,628","2,339","1,493","4,552,421"
LU,557,DEBu,Debden,Station entry / exit,Gateline,"1,738","1,607",614,384,"1,654","1,488",607,384,"1,512,812"
LU,558,DHLu,Dollis Hill,Station entry / exit,Gateline,"2,899","2,916","1,856","1,205","2,691","2,688","1,648","1,135","2,754,026"
LU,560,EBYu,Ealing Broadway,Station entry / exit,Gateline,"8,047","8,180","4,403","3,036","7,920","8,056","4,320","2,954","7,717,377"
LU,561,ECMu,Ealing Common,Station entry / exit,Gateline,"1,667","1,687",941,679,"1,636","1,653",931,682,"1,610,901"
LU,562,ECTu,Earl's Court,Station entry / exit,Gateline,"7,975","8,301","4,821","3,473","7,956","8,269","4,824","3,524","7,898,110"
LU,563,EACu,East Acton,Station entry / exit,Gateline,"2,810","2,760","1,498","1,159","2,867","2,755","1,470","1,162","2,726,902"
LU,565,EFYu,East Finchley,Station entry / exit,Gateline,"3,067","3,129","1,511","1,060","2,961","2,967","1,462","1,054","2,870,898"
LU,566,EHMu,East Ham,Station entry / exit,Gateline,"9,028","9,045","5,011","3,062","8,744","8,646","4,750","2,707","8,485,806"
LU,567,EPYu,East Putney,Station entry / exit,Gateline,"3,224","3,252","1,648","1,035","3,205","3,203","1,631","1,094","3,056,532"
LU,564,ETEu,Eastcote,Station entry / exit,Gateline,"1,507","1,467",694,424,"1,438","1,374",674,394,"1,365,559"
LU,568,EDGu,Edgware,Station entry / exit,Gateline,"2,896","2,737","1,543","1,139","3,003","2,857","1,567","1,170","2,815,355"
LU,774,ERBu,Edgware Road (Bak),Station entry / exit,Gateline,"2,469","2,380","1,372",769,"2,524","2,433","1,364",766,"2,362,854"
LU,569,ERDu,Edgware Road (DIS),Station entry / exit,Gateline,"3,173","2,985","1,537",983,"2,904","2,740","1,431",905,"2,835,355"
LU,570,ELEu,Elephant & Castle LU,Station entry / exit,Gateline,"8,604","9,011","6,854","4,357","7,865","8,182","6,410","4,168","8,559,895"
LU,571,EPKu,Elm Park,Station entry / exit,Gateline,"2,264","2,095",867,522,"2,183","2,047",880,534,"2,007,136"
LU,542,EMBu,Embankment,Station entry / exit,Gateline,"4,455","4,136","2,239","1,903","4,182","3,813","1,835","1,411","4,055,183"
LU,572,EPPu,Epping,Station entry / exit,Scaled,"1,999","1,937",999,669,"2,058","2,031",996,624,"1,909,072"
LU,574,EUSu,Euston LU,Station entry / exit,Gateline,"8,432","8,669","5,330","5,528","8,621","9,525","5,618","4,881","8,794,406"
LU,575,ESQu,Euston Square,Station entry / exit,Gateline,"4,116","3,928","1,504","1,131","3,929","3,864","1,468","1,115","3,668,927"
LU,576,FLPu,Fairlop,Station entry / exit,Gateline,779,723,368,224,704,671,336,217,"687,862"
LU,577,FARu,Farringdon,Station entry / exit,Gateline,"6,987","6,591","1,930","1,075","6,590","6,113","1,804","1,004","5,899,244"
LU,578,FYCu,Finchley Central,Station entry / exit,Scaled,"3,992","3,772","1,965","1,222","3,966","3,808","1,851","1,305","3,718,793"
LU,579,FRDu,Finchley Road,Station entry / exit,Gateline,"4,906","5,152","2,857","2,036","4,620","4,872","2,715","1,921","4,696,641"
LU,580,FPKu,Finsbury Park,Station entry / exit,Gateline,"14,626","11,222","7,820","6,349","21,098","8,939","11,559","6,296","15,817,399"
LU,581,FBYu,Fulham Broadway,Station entry / exit,Gateline,"4,120","4,174","2,019","1,461","4,148","4,104","1,875","1,402","3,911,983"
LU,582,GHLu,Gants Hill,Station entry / exit,Gateline,"3,929","3,895","2,196","1,757","3,724","3,725","2,086","1,674","3,741,492"
LU,583,GRDu,Gloucester Road,Station entry / exit,Gateline,"4,215","4,141","2,111","1,529","4,039","4,022","2,092","1,450","3,933,949"
LU,584,GGRu,Golders Green,Station entry / exit,Gateline,"4,016","4,035","2,221","1,676","4,005","4,005","2,176","1,682","3,897,645"
LU,585,GHRu,Goldhawk Road,Station entry / exit,Gateline,"1,010","1,006",589,384,993,989,589,369,"972,028"
LU,586,GSTu,Goodge Street,Station entry / exit,Gateline,"1,812","1,720",582,328,"1,880","1,785",528,340,"1,625,476"
LU,587,GRHu,Grange Hill,Station entry / exit,Gateline,346,325,142,80,313,274,122,78,"296,723"
LU,588,GPSu,Great Portland Street,Station entry / exit,Gateline,"2,965","2,855","1,242",712,"2,824","2,693","1,106",705,"2,635,853"
LU,590,GPKu,Green Park,Station entry / exit,Gateline,"9,327","8,549","5,875","4,470","9,802","9,035","6,398","5,120","9,446,617"
LU,589,GFDu,Greenford,Station entry / exit,Gateline,"3,165","3,108","1,708","1,028","3,094","2,996","1,604",977,"2,964,852"
LU,591,GUNu,Gunnersbury,Station entry / exit,Gateline,"2,349","2,288","1,214",784,"2,233","2,188","1,206",782,"2,178,993"
LU,592,HAIu,Hainault,Station entry / exit,Gateline,"2,818","2,782","1,386",961,"2,730","2,686","1,364",914,"2,625,053"
LU,593,HMDu,Hammersmith (DIS),Station entry / exit,Gateline,"10,474","9,913","5,625","3,931","10,224","9,653","5,770","3,951","9,895,644"
LU,773,HMSu,Hammersmith (H&C),Station entry / exit,Gateline,"4,311","4,407","1,985","1,514","3,986","3,979","1,873","1,370","3,929,123"
LU,594,HMPu,Hampstead,Station entry / exit,Gateline,"2,141","2,159","1,570","1,109","2,273","2,215","1,740","1,249","2,259,516"
LU,595,HLNu,Hanger Lane,Station entry / exit,Gateline,"2,048","2,007","1,122",717,"1,941","1,889","1,052",666,"1,904,069"
LU,596,HARu,Harlesden,Station entry / exit,Gateline,"2,699","2,590","1,263",775,"2,614","2,481","1,197",774,"2,464,347"
LU,597,HAWu,Harrow & Wealdstone,Station entry / exit,Gateline,"3,447","3,405","1,731","1,005","3,002","2,973","1,529",873,"3,033,409"
LU,598,HOHu,Harrow-on-the-Hill,Station entry / exit,Gateline,"6,373","6,222","3,651","2,518","6,426","6,256","3,644","2,511","6,185,709"
LU,779,HTXu,Hatton Cross,Station entry / exit,Gateline,"1,553","1,509",972,837,"1,564","1,554",992,833,"1,562,318"
LU,781,HRFu,Heathrow Terminal 4 LU,,,,,,,,,,,
LU,783,HRVu,Heathrow Terminal 5 LU,Station entry / exit,Gateline,"1,079","1,096","1,200","1,451",808,"1,032",881,"1,070","1,173,177"
LU,780,HRCu,Heathrow Terminals 123 LU,Station entry / exit,Gateline,"1,753","1,844","1,605","2,010","1,427","1,707","1,355","1,438","1,859,318"
LU,601,HNDu,Hendon Central,Station entry / exit,Gateline,"3,630","3,551","2,028","1,550","3,354","3,269","1,838","1,410","3,385,014"
LU,602,HBTu,High Barnet,Station entry / exit,Gateline,"2,262","2,193",905,678,"2,133","2,062",871,685,"2,028,542"
LU,605,HSTu,High Street Kensington,Station entry / exit,Gateline,"3,843","3,694","2,214","1,560","3,603","3,356","1,907","1,411","3,574,133"
LU,603,HBYu,Highbury & Islington,Station entry / exit,Gateline,"8,099","8,720","5,117","3,511","8,269","8,986","5,361","3,680","8,221,119"
LU,604,HIGu,Highgate,Station entry / exit,Gateline,"2,319","2,294","1,408",996,"2,438","2,396","1,525","1,092","2,341,117"
LU,606,HDNu,Hillingdon,Station entry / exit,Gateline,944,888,349,253,898,875,373,243,"840,109"
LU,607,HOLu,Holborn,Station entry / exit,Gateline,"7,660","7,405","3,429","2,072","7,902","7,619","3,431","2,091","7,171,859"
LU,608,HPKu,Holland Park,Station entry / exit,Gateline,"1,997","1,953","1,139",871,"2,025","1,965","1,344","1,112","1,993,894"
LU,609,HRDu,Holloway Road,Station entry / exit,Gateline,"2,220","2,248","1,565","1,149","2,246","2,207","1,541","1,149","2,260,557"
LU,610,HCHu,Hornchurch,Station entry / exit,Gateline,"1,382","1,319",448,286,"1,403","1,364",499,323,"1,247,419"
LU,611,HNCu,Hounslow Central,Station entry / exit,Gateline,"2,012","2,044","1,237",846,"1,918","1,973","1,219",862,"1,947,240"
LU,612,HNEu,Hounslow East,Station entry / exit,Gateline,"2,276","2,328","1,531","1,112","2,374","2,406","1,545","1,105","2,333,768"
LU,613,HNWu,Hounslow West,Station entry / exit,Gateline,"1,824","1,810","1,223",924,"1,805","1,787","1,202",935,"1,825,754"
LU,614,HPCu,Hyde Park Corner,Station entry / exit,Gateline,"1,578","1,509","1,475",915,"1,545","1,478","1,715","1,077","1,689,055"
LU,615,ICKu,Ickenham,Station entry / exit,Gateline,621,592,223,143,606,576,243,148,"554,519"
LU,616,KENu,Kennington,Station entry / exit,Gateline,"2,473","2,620","1,439","1,097","2,345","2,465","1,442","1,096","2,398,479"
LU,617,KGNu,Kensal Green,Station entry / exit,Gateline,"1,415","1,452",797,569,"1,358","1,370",767,584,"1,354,080"
LU,618,OLYu,Kensington (Olympia),LU boarding / alighting,Scaled,10,13,97,82,15,18,59,54,"35,234"
LU,619,KTNu,Kentish Town,Station entry / exit,Gateline,"3,660","3,759","2,376","1,588","2,885","2,973","1,797","1,296","3,257,153"
LU,620,KETu,Kenton,Station entry / exit,Gateline,"1,713","1,555",913,505,"1,627","1,487",893,507,"1,561,991"
LU,621,KEWu,Kew Gardens,Station entry / exit,Gateline,"1,703","1,726","1,500","1,023","1,709","1,721","1,490","1,028","1,808,585"
LU,622,KILu,Kilburn,Station entry / exit,Gateline,"3,961","4,008","2,625","2,003","3,841","3,872","2,610","2,060","3,945,831"
LU,623,KPKu,Kilburn Park,Station entry / exit,Gateline,"1,497","1,526",938,672,"1,482","1,533",940,661,"1,482,189"
LU,625,KXXu,King's Cross St. Pancras,Station entry / exit,Gateline,"19,393","19,749","10,610","9,779","18,716","19,403","10,381","8,866","18,837,593"
LU,624,KBYu,Kingsbury,Station entry / exit,Gateline,"3,458","3,465","1,849","1,176","3,327","3,270","1,795","1,097","3,236,734"
LU,626,KNBu,Knightsbridge,Station entry / exit,Gateline,"4,652","4,617","2,718","1,721","4,590","4,552","2,600","1,675","4,464,303"
LU,627,LGRu,Ladbroke Grove,Station entry / exit,Gateline,"2,951","3,007","1,659",994,"2,953","2,975","1,611",988,"2,835,701"
LU,628,LAMu,Lambeth North,Station entry / exit,Gateline,"1,245","1,243",767,539,"1,175","1,180",739,526,"1,195,291"
LU,629,LANu,Lancaster Gate,Station entry / exit,Gateline,"1,464","1,486","1,158",932,"1,395","1,431","1,075",895,"1,503,898"
LU,630,LATu,Latimer Road,Station entry / exit,Gateline,"1,236","1,225",533,366,"1,176","1,183",488,360,"1,121,245"
LU,631,LSQu,Leicester Square,Station entry / exit,Gateline,"3,930","3,812","3,196","2,717","3,717","3,553","2,501","2,036","3,950,320"
LU,632,LEYu,Leyton,Station entry / exit,Gateline,"7,509","7,596","5,037","3,479","7,172","6,827","4,812","3,410","7,325,632"
LU,633,LYSu,Leytonstone,Station entry / exit,Gateline,"5,786","5,893","3,488","2,437","5,703","5,776","3,397","2,430","5,650,715"
LU,634,LSTu,Liverpool Street LU,Station entry / exit,Gateline,"16,460","16,387","8,674","5,972","17,572","17,711","9,092","6,000","16,267,905"
LU,635,LONu,London Bridge LU,Station entry / exit,Gateline,"24,342","24,979","18,901","12,689","23,442","24,181","19,033","11,979","24,721,911"
LU,636,LTNu,Loughton,Station entry / exit,Gateline,"1,745","1,742","1,181",750,"1,772","1,809","1,156",738,"1,747,510"
LU,637,MDVu,Maida Vale,Station entry / exit,Gateline,"1,599","1,611",970,642,"1,534","1,539",952,643,"1,538,572"
LU,638,MNRu,Manor House,Station entry / exit,Gateline,"3,736","3,623","2,466","1,906","3,449","3,354","2,292","1,782","3,599,717"
LU,639,MANu,Mansion House,Station entry / exit,Gateline,"1,254","1,088",303,226,"1,243","1,066",293,219,"1,067,130"
LU,640,MARu,Marble Arch,Station entry / exit,Gateline,"3,626","3,680","2,436","1,632","3,662","3,636","2,532","1,792","3,657,164"
LU,641,MYBu,Marylebone LU,Station entry / exit,Gateline,"2,694","2,700","1,308",964,"2,847","2,919","1,408",883,"2,630,669"
LU,642,MLEu,Mile End,Station entry / exit,Gateline,"6,379","6,582","5,464","4,508","6,200","6,266","5,271","4,620","6,787,729"
LU,643,MHEu,Mill Hill East,Station entry / exit,Scaled,975,968,295,203,829,844,283,223,"813,926"
LU,646,MPKu,Moor Park,Station entry / exit,Gateline,699,649,155,121,669,635,178,114,"593,315"
LU,645,MGTu,Moorgate,Station entry / exit,Gateline,"6,651","6,201","1,957","1,083","6,674","6,177","2,120","1,223","5,839,734"
LU,647,MORu,Morden,Station entry / exit,Gateline,"5,801","5,701","3,282","2,504","5,487","5,333","3,075","2,361","5,488,034"
LU,648,MCRu,Mornington Crescent,Station entry / exit,Gateline,"1,501","1,436",717,488,"1,364","1,290",596,392,"1,331,040"
LU,649,NEAu,Neasden,Station entry / exit,Gateline,"2,723","2,703","1,479",947,"2,450","2,394","1,359",892,"2,478,884"
LU,650,NEPu,Newbury Park,Station entry / exit,Gateline,"3,382","3,359","1,704","1,976","2,980","3,017","1,513","1,862","3,168,498"
LU,653,NACu,North Acton,Station entry / exit,Gateline,"3,845","3,884","2,332","1,545","3,780","3,705","2,211","1,483","3,717,589"
LU,654,NELu,North Ealing,Station entry / exit,Gateline,577,577,222,142,532,530,192,150,"507,381"
LU,789,NOGu,North Greenwich,Station entry / exit,Gateline,"9,432","9,419","6,699","5,360","9,409","9,434","6,774","5,133","9,641,852"
LU,656,NHRu,North Harrow,Station entry / exit,Gateline,"1,048","1,035",465,283,"1,018",980,438,285,"954,512"
LU,659,NWBu,North Wembley,Station entry / exit,Gateline,"1,307","1,331",691,401,"1,264","1,312",670,372,"1,225,092"
LU,655,NFDu,Northfields,Station entry / exit,Gateline,"2,015","1,953","1,036",746,"1,953","1,905","1,058",776,"1,899,266"
LU,657,NHTu,Northolt,Station entry / exit,Gateline,"3,644","3,568","1,924","1,303","3,445","3,339","1,823","1,286","3,383,878"
LU,660,NWPu,Northwick Park,Station entry / exit,Gateline,"2,620","2,611","1,191",773,"2,589","2,517","1,163",765,"2,426,206"
LU,661,NWDu,Northwood,Station entry / exit,Gateline,"1,680","1,631",615,450,"1,657","1,583",609,428,"1,515,209"
LU,662,NWHu,Northwood Hills,Station entry / exit,Gateline,"1,326","1,234",537,332,"1,244","1,152",506,318,"1,165,488"
LU,663,NHGu,Notting Hill Gate,Station entry / exit,Gateline,"5,678","5,932","3,436","2,389","5,763","6,114","3,631","2,467","5,682,051"
LU,664,OAKu,Oakwood,Station entry / exit,Gateline,"1,332","1,330",863,662,"1,279","1,283",833,657,"1,310,286"
LU,665,OLDu,Old Street,Station entry / exit,Gateline,"6,721","6,724","4,019","2,849","6,999","6,929","3,910","2,778","6,683,590"
LU,667,OSTu,Osterley,Station entry / exit,Gateline,"1,011",990,553,435,974,957,561,401,"963,611"
LU,668,OVLu,Oval,Station entry / exit,Gateline,"3,250","3,384","2,683","1,801","3,038","3,143","2,577","1,827","3,313,152"
LU,669,OXCu,Oxford Circus,Station entry / exit,Gateline,"14,857","13,762","8,722","5,730","15,495","14,328","9,438","6,012","14,598,777"
LU,670,PADu,Paddington TfL,Station entry / exit,Gateline,"11,725","11,864","6,605","5,044","11,648","12,108","6,591","4,540","11,420,070"
LU,671,PRYu,Park Royal,Station entry / exit,Gateline,"1,347","1,285",595,345,"1,357","1,320",615,361,"1,245,850"
LU,672,PGRu,Parsons Green,Station entry / exit,Gateline,"3,276","3,251","1,335",945,"3,288","3,217","1,291",961,"3,026,008"
LU,673,PERu,Perivale,Station entry / exit,Gateline,"1,585","1,552",914,559,"1,542","1,507",894,551,"1,503,990"
LU,674,PICu,Piccadilly Circus,Station entry / exit,Gateline,"4,243","3,951","3,396","3,001","3,788","3,562","2,829","2,291","4,175,738"
LU,776,PIMu,Pimlico,Station entry / exit,Gateline,"4,270","4,323","2,586","1,885","4,340","4,347","2,601","1,908","4,243,221"
LU,675,PINu,Pinner,Station entry / exit,Scaled,"1,448","1,457",670,466,"1,457","1,370",704,449,"1,360,437"
LU,676,PLWu,Plaistow,Station entry / exit,Gateline,"4,150","4,170","2,170","1,286","3,796","3,809","1,978","1,159","3,769,831"
LU,677,PRDu,Preston Road,Station entry / exit,Gateline,"2,118","2,151","1,171",779,"2,089","2,087","1,160",773,"2,030,454"
LU,678,PUTu,Putney Bridge,Station entry / exit,Gateline,"2,557","2,583","1,501","1,044","2,879","2,854","1,519","1,033","2,626,929"
LU,680,QPKu,Queen's Park,Station entry / exit,Gateline,"2,872","2,849","1,795","1,310","2,730","2,697","1,712","1,291","2,775,384"
LU,679,QBYu,Queensbury,Station entry / exit,Gateline,"3,004","2,994","1,720","1,031","2,943","2,930","1,642",988,"2,855,288"
LU,681,QWYu,Queensway,Station entry / exit,Gateline,"1,943","2,153","1,624","1,213","2,016","2,193","1,681","1,239","2,119,882"
LU,682,RCPu,Ravenscourt Park,Station entry / exit,Gateline,"2,126","2,110",800,631,"2,031","2,053",794,637,"1,921,494"
LU,683,RAYu,Rayners Lane,Station entry / exit,Gateline,"2,464","2,432","1,334",892,"2,411","2,371","1,310",881,"2,336,745"
LU,684,REDu,Redbridge,Station entry / exit,Gateline,"1,722","1,704",988,612,"1,535","1,505",857,538,"1,564,820"
LU,685,RPKu,Regent's Park,Station entry / exit,Gateline,"1,617","1,565",735,472,"1,817","1,777","1,065",681,"1,628,977"
LU,686,RMDu,Richmond,LU boarding / alighting,Manual Count,"1,882","2,453","1,509","1,478","2,092","2,215","1,357","1,588","2,167,117"
LU,687,RKYu,Rickmansworth,Station entry / exit,Gateline,"1,586","1,545",501,331,"1,507","1,477",525,331,"1,385,890"
LU,688,RODu,Roding Valley,Station entry / exit,Gateline,199,69,162,49,224,37,304,28,"190,163"
LU,690,ROYu,Royal Oak,Station entry / exit,Gateline,"1,337","1,362",688,489,"1,269","1,290",657,469,"1,251,188"
LU,691,RUIu,Ruislip,Station entry / exit,Gateline,997,985,533,332,996,979,530,332,"948,688"
LU,692,RUGu,Ruislip Gardens,Station entry / exit,Gateline,632,615,228,162,576,557,215,155,"549,192"
LU,693,RUMu,Ruislip Manor,Station entry / exit,Gateline,"1,072","1,068",464,253,"1,081","1,057",451,262,"988,143"
LU,694,RSQu,Russell Square,Station entry / exit,Gateline,"2,904","2,922","1,370","1,025","2,877","2,919","1,331","1,057","2,744,465"
LU,698,SVSu,Seven Sisters,Station entry / exit,Gateline,"10,474","10,755","6,979","5,058","9,999","10,294","6,616","4,812","10,305,872"
LU,700,SBCu,Shepherd's Bush LU,Station entry / exit,Gateline,"6,312","6,586","4,287","3,307","6,043","6,202","4,170","3,069","6,283,854"
LU,775,SBMu,Shepherd's Bush Market,Station entry / exit,Gateline,"1,551","1,575",972,668,"1,478","1,464",932,679,"1,499,390"
LU,702,SSQu,Sloane Square,Station entry / exit,Gateline,"6,934","6,638","2,817","1,980","6,733","6,437","2,862","1,879","6,276,139"
LU,703,SNBu,Snaresbrook,Station entry / exit,Gateline,"1,309","1,274",602,434,"1,214","1,182",562,441,"1,185,716"
LU,704,SELu,South Ealing,Station entry / exit,Gateline,"1,689","1,703",995,651,"1,657","1,661",970,667,"1,630,782"
LU,707,SHRu,South Harrow,Station entry / exit,Gateline,"1,624","1,589",857,577,"1,698","1,622",920,593,"1,581,956"
LU,708,SKNu,South Kensington,Station entry / exit,Gateline,"10,838","10,686","4,153","3,117","10,583","10,309","3,963","2,844","9,805,549"
LU,709,SKTu,South Kenton,Station entry / exit,Scaled,895,907,573,348,"1,065","1,271",557,402,"969,471"
LU,710,SRPu,South Ruislip,Station entry / exit,Gateline,"1,067","1,068",531,348,"1,029","1,023",529,328,"992,838"
LU,711,SWMu,South Wimbledon,Station entry / exit,Gateline,"2,097","2,024","1,264",821,"2,013","1,959","1,194",778,"1,992,804"
LU,712,SWFu,South Woodford,Station entry / exit,Gateline,"2,244","2,155","1,304",812,"2,564","2,512","1,452",906,"2,308,574"
LU,705,SFSu,Southfields,Station entry / exit,Gateline,"3,177","3,049","1,508","1,044","3,009","2,904","1,438","1,019","2,902,818"
LU,706,SGTu,Southgate,Station entry / exit,Gateline,"2,703","2,737","1,627","1,144","2,790","2,831","1,728","1,180","2,705,625"
LU,784,SWKu,Southwark,Station entry / exit,Gateline,"3,786","3,579","1,942","1,216","3,836","3,620","1,814","1,244","3,568,419"
LU,695,SJPu,St. James's Park,Station entry / exit,Gateline,"3,326","3,034","1,120",640,"3,270","2,959","1,170",698,"2,919,119"
LU,696,SJWu,St. John's Wood,Station entry / exit,Gateline,"4,250","4,306","2,154","1,392","4,404","4,427","2,228","1,453","4,113,555"
LU,697,STPu,St. Paul's,Station entry / exit,Gateline,"4,087","3,961","2,066","1,079","4,248","4,040","1,912","1,137","3,861,774"
LU,713,STBu,Stamford Brook,Station entry / exit,Gateline,"1,377","1,438",712,536,"1,355","1,389",671,511,"1,317,072"
LU,714,STAu,Stanmore,Station entry / exit,Gateline,"2,152","2,087","1,032",738,"2,144","2,108","1,010",705,"2,021,467"
LU,715,STGu,Stepney Green,Station entry / exit,Gateline,"2,586","2,566","1,630",898,"2,430","2,385","1,807",893,"2,463,108"
LU,716,STKu,Stockwell,Station entry / exit,Gateline,"5,476","5,724","4,103","2,893","4,915","5,052","3,710","2,758","5,370,518"
LU,717,SPKu,Stonebridge Park,Station entry / exit,Gateline,"2,182","2,150","1,138",592,"2,046","1,986","1,032",581,"1,982,465"
LU,719,SFDu,Stratford,Station entry / exit,Gateline,"22,842","23,771","20,444","16,172","23,660","24,475","20,208","15,610","25,071,500"
LU,720,SHLu,Sudbury Hill,Station entry / exit,Gateline,"1,547","1,558",813,524,"1,504","1,482",776,491,"1,451,606"
LU,721,STNu,Sudbury Town,Station entry / exit,Gateline,"1,433","1,422",762,456,"1,254","1,205",685,439,"1,278,124"
LU,723,SWCu,Swiss Cottage,Station entry / exit,Gateline,"3,067","3,099","1,516",996,"3,013","3,027","1,519","1,069","2,891,037"
LU,724,TEMu,Temple,Station entry / exit,Gateline,"1,584","1,493",320,255,"1,520","1,413",264,189,"1,323,354"
LU,725,THBu,Theydon Bois,Station entry / exit,Gateline,487,470,395,254,464,449,417,260,"493,721"
LU,726,TBEu,Tooting Bec,Station entry / exit,Gateline,"3,552","3,625","2,431","1,763","3,393","3,382","2,366","1,698","3,509,976"
LU,727,TBYu,Tooting Broadway,Station entry / exit,Gateline,"8,221","8,400","5,232","3,446","8,186","8,251","5,134","3,364","8,102,118"
LU,728,TCRu,Tottenham Court Road,Station entry / exit,Gateline,"6,586","6,251","3,347","2,170","6,340","6,020","3,015","1,871","6,045,302"
LU,729,TTHu,Tottenham Hale LU,Station entry / exit,Gateline,"7,557","7,536","4,440","3,301","7,252","7,346","4,240","3,102","7,264,852"
LU,730,TOTu,Totteridge & Whetstone,Station entry / exit,Gateline,"1,100","1,126",561,367,"1,059","1,079",549,356,"1,030,907"
LU,731,THLu,Tower Hill,Station entry / exit,Gateline,"4,193","4,167","2,197","1,789","4,147","4,131","2,502","2,387","4,116,750"
LU,733,TPKu,Tufnell Park,Station entry / exit,Gateline,"1,406","1,414",869,650,"1,337","1,340",780,671,"1,360,667"
LU,734,TGRu,Turnham Green,Station entry / exit,Gateline,"2,656","2,664","1,303",971,"2,732","2,736","1,282","1,007","2,563,212"
LU,735,TPLu,Turnpike Lane,Station entry / exit,Gateline,"5,521","5,617","3,966","2,817","5,588","5,688","3,865","2,724","5,636,483"
LU,736,UPMu,Upminster,Station entry / exit,Gateline,"2,610","2,546","1,091",901,"2,602","2,564","1,131",950,"2,440,980"
LU,737,UPBu,Upminster Bridge,Station entry / exit,Gateline,925,836,151,100,948,876,180,94,"786,733"
LU,738,UPYu,Upney,Station entry / exit,Gateline,"2,113","2,043","1,000",581,"1,928","1,865",851,488,"1,867,666"
LU,739,UPKu,Upton Park,Station entry / exit,Gateline,"7,171","6,913","4,037","2,519","6,813","6,562","3,871","2,250","6,677,841"
LU,740,UXBu,Uxbridge,Station entry / exit,Gateline,"4,352","4,348","2,128","1,376","4,209","4,167","2,000","1,354","4,034,024"
LU,777,VUXu,Vauxhall LU,Station entry / exit,Gateline,"16,448","16,649","8,932","5,463","15,863","15,737","8,553","5,489","15,463,373"
LU,741,VICu,Victoria LU,Station entry / exit,Gateline,"23,233","23,272","12,678","9,259","24,376","24,231","12,924","9,253","22,954,962"
LU,742,WALu,Walthamstow Central,Station entry / exit,Gateline,"10,583","10,727","6,731","4,405","10,535","10,685","6,779","4,388","10,443,276"
LU,743,WANu,Wanstead,Station entry / exit,Gateline,"1,145","1,122",732,536,"1,161","1,128",691,526,"1,137,200"
LU,745,WSTu,Warren Street,Station entry / exit,Gateline,"8,339","8,147","3,566","2,517","8,413","8,195","3,445","2,453","7,744,299"
LU,746,WARu,Warwick Avenue,Station entry / exit,Gateline,"1,702","1,725","1,049",715,"1,685","1,710","1,135",770,"1,682,785"
LU,747,WLOu,Waterloo LU,Station entry / exit,Gateline,"16,827","16,918","10,679","7,121","16,912","17,007","10,207","7,165","16,621,546"
LU,748,WATu,Watford,Station entry / exit,Gateline,"1,619","1,523",487,340,"1,546","1,483",500,317,"1,403,495"
LU,751,WEMu,Wembley Central,Station entry / exit,Gateline,"3,740","3,695","2,422","1,488","3,960","3,924","2,499","1,499","3,772,644"
LU,752,WPKu,Wembley Park,Station entry / exit,Gateline,"8,660","8,690","4,992","3,646","8,304","8,344","4,818","3,456","8,289,529"
LU,753,WACu,West Acton,Station entry / exit,Gateline,913,892,446,296,864,825,420,296,"835,889"
LU,755,WBTu,West Brompton,Station entry / exit,Gateline,"3,369","2,190","2,682","1,382","1,831",773,"1,248",374,"2,391,605"
LU,756,WFYu,West Finchley,Station entry / exit,Gateline,756,698,332,250,727,663,316,245,"685,418"
LU,757,WHMu,West Ham,Station entry / exit,Gateline,"3,218","3,292","2,052","1,656","3,292","3,334","2,044","1,800","3,278,813"
LU,758,WHDu,West Hampstead LU,Station entry / exit,Gateline,"5,120","5,101","3,050","2,271","4,925","4,886","3,060","2,278","4,955,039"
LU,759,WHRu,West Harrow,Station entry / exit,Scaled,709,832,449,246,682,749,379,257,"690,469"
LU,760,WKNu,West Kensington,Station entry / exit,Gateline,"2,185","2,243","1,302",983,"2,068","2,033","1,250",913,"2,096,566"
LU,762,WRPu,West Ruislip,Station entry / exit,Gateline,792,747,353,230,705,698,334,199,"694,477"
LU,754,WBPu,Westbourne Park,Station entry / exit,Gateline,"2,411","2,439","1,333",905,"2,251","2,272","1,207",884,"2,253,686"
LU,761,WMSu,Westminster,Station entry / exit,Gateline,"6,888","6,064","3,787","3,064","6,813","5,942","3,204","2,628","6,463,756"
LU,764,WCTu,White City,Station entry / exit,Gateline,"4,409","4,227","2,121","1,409","4,126","4,019","1,945","1,413","4,005,703"
LU,763,WCLu,Whitechapel,Station entry / exit,Gateline,"8,358","8,033","3,158","2,002","8,361","8,008","3,377","2,426","7,621,990"
LU,765,WLGu,Willesden Green,Station entry / exit,Gateline,"4,287","4,345","2,806","2,131","4,248","4,308","2,768","2,123","4,290,015"
LU,766,WJNu,Willesden Junction,Station entry / exit,Gateline,"4,191","4,227","2,445","1,427","4,075","4,117","2,344","1,450","3,994,257"
LU,767,WIMu,Wimbledon,LU boarding / alighting,Manual Count,"7,505","7,373","3,958","2,489","7,277","7,195","3,907","2,504","7,040,552"
LU,768,WMPu,Wimbledon Park,Station entry / exit,Gateline,"1,155","1,129",667,414,"1,215","1,168",689,465,"1,140,075"
LU,770,WGNu,Wood Green,Station entry / exit,Gateline,"6,698","6,833","4,546","3,161","6,390","6,529","4,296","2,975","6,578,240"
LU,599,WDLu,Wood Lane,Station entry / exit,Gateline,"1,432","1,435",614,442,"1,480","1,474",663,456,"1,359,848"
LU,769,WFDu,Woodford,Station entry / exit,Gateline,"2,949","2,796","1,553",941,"2,896","2,800","1,507",901,"2,754,342"
LU,771,WSPu,Woodside Park,Station entry / exit,Scaled,"1,930","1,926","1,021",755,"2,186","2,210",929,749,"1,956,318"
LO,1404,ACCr,Acton Central,Station entry / exit,Gateline,"1,561","1,534","1,027",620,"1,507","1,495",959,613,"1,134,052"
LO,5397,ANYr,Anerley,Station entry / exit,Scaled,772,707,258,378,816,771,269,411,"558,737"
LO,514,BKGu,Barking,LO boarding / alighting,Manual Count,"4,235","4,221","2,616","1,608","4,270","4,161","4,187","2,544","3,272,606"
LO,5420,BAKr,Battersea Park,LO boarding / alighting,Loadweigh,18,25,0,7,13,19,0,0,"10,748"
LO,6961,BETr,Bethnal Green LO,Station entry / exit,Gateline,"1,201","1,196",772,537,"1,191","1,161",772,543,"891,335"
LO,522,BHRu,Blackhorse Road,LO boarding / alighting,Scaled,"1,587","1,568","1,021",619,"1,795","1,826","1,249",674,"1,254,721"
LO,5404,BCYr,Brockley,Station entry / exit,Gateline,"2,335","2,445","1,210",868,"2,155","2,237","1,142",836,"1,633,785"
LO,1437,BSYr,Brondesbury,Station entry / exit,Gateline,"2,519","2,481","1,750","1,023","2,408","2,438","1,639",988,"1,839,585"
LO,1438,BSPr,Brondesbury Park,Station entry / exit,Scaled,"1,305","1,382",587,387,"1,273","1,323",548,409,"913,806"
LO,6958,BCVr,Bruce Grove,Station entry / exit,Scaled,"1,428","1,380",575,349,"1,303","1,242",561,315,"936,661"
LO,6913,BHKr,Bush Hill Park,Station entry / exit,Scaled,801,674,359,208,692,662,274,178,"508,104"
LO,1395,BSHr,Bushey,LO boarding / alighting,Scaled,233,301,230,100,491,331,300,122,"261,806"
LO,1439,CIRr,Caledonian Road & Barnsbury,Station entry / exit,Scaled,"1,246","1,248",718,321,"1,278","1,274",706,340,"898,929"
LO,6962,CBHr,Cambridge Heath,Station entry / exit,Scaled,665,687,408,420,686,624,435,443,"516,410"
LO,1440,CMDr,Camden Road,Station entry / exit,Gateline,"3,069","3,089","2,007","1,214","2,967","2,936","1,884","1,082","2,226,106"
LO,788,CWRu,Canada Water,LO boarding / alighting,Scaled,"11,349","10,853","7,396","4,911","10,340","10,102","8,168","5,173","8,172,281"
LO,1441,CNNr,Canonbury,Station entry / exit,Gateline,"1,761","1,861","1,186",812,"1,549","1,575","1,007",793,"1,255,178"
LO,1442,CPKr,Carpenders Park,Station entry / exit,Gateline,995,"1,003",492,261,"1,003",997,492,267,"702,972"
LO,6814,CHNr,Cheshunt,LO boarding / alighting,Scaled,228,222,131,100,295,300,244,161,"198,951"
LO,6914,CHIr,Chingford,Station entry / exit,Gateline,"1,281","1,267","1,216",703,"1,233","1,215","1,139",671,"999,111"
LO,5301,CLPr,Clapham High Street,Station entry / exit,Scaled,"1,268","1,192",694,433,"1,375","1,342",640,443,"936,152"
LO,5595,CLJr,Clapham Junction,LO boarding / alighting,Loadweigh,"13,731","14,185","10,778","6,499","12,327","12,744","9,516","5,014","9,994,169"
LO,6926,CPTr,Clapton,Station entry / exit,Scaled,"1,266","1,288",901,622,"1,106","1,169",757,536,"905,095"
LO,7406,CRHr,Crouch Hill,Station entry / exit,Scaled,973,"1,024",750,430,953,967,677,417,"733,856"
LO,5356,CYPr,Crystal Palace,LO boarding / alighting,Loadweigh,"1,692","2,129","1,955","1,002","1,685","1,839","2,017","1,176","1,455,238"
LO,1443,DLJr,Dalston Junction,Station entry / exit,Gateline,"2,803","3,137","1,564","1,221","2,685","3,038","1,569","1,293","2,069,833"
LO,1429,DLKr,Dalston Kingsland,Station entry / exit,Gateline,"3,910","4,125","3,743","2,369","3,724","3,920","3,750","2,383","3,124,929"
LO,5421,DMKr,Denmark Hill,LO boarding / alighting,Scaled,"5,308","5,512","1,741","1,519","5,518","5,852","1,839","1,519","3,742,004"
LO,6941,EDRr,Edmonton Green,LO boarding / alighting,Scaled,"2,813","2,827","1,665","1,041","2,959","3,101","1,649","1,027","2,105,087"
LO,7473,EMPr,Emerson Park,Station entry / exit,Scaled,189,176,81,46,155,128,107,50,"119,939"
LO,6959,ENFr,Enfield Town,Station entry / exit,Gateline,"1,550","1,600",663,478,"1,461","1,491",634,418,"1,058,812"
LO,1444,EUSr,Euston NR,LO boarding / alighting,Manual Count,"1,924","1,926",943,633,"1,932","1,642","1,710",927,"1,420,814"
LO,1445,FNYr,Finchley Road & Frognal,Station entry / exit,Scaled,"1,916","1,987",929,626,"1,927","1,931",969,599,"1,370,533"
LO,5362,FOHr,Forest Hill,LO boarding / alighting,Scaled,"1,592","1,577",893,698,"1,671","1,764",953,704,"1,202,543"
LO,1409,GPOr,Gospel Oak,Station entry / exit,Gateline,"2,610","2,640","2,231","1,423","2,429","2,454","1,918","1,250","1,968,124"
LO,591,GUNu,Gunnersbury,LO boarding / alighting,Scaled,829,880,664,601,960,"1,045",703,343,"699,128"
LO,6977,HKCr,Hackney Central,Station entry / exit,Gateline,"4,479","4,528","3,337","2,043","3,564","3,624","2,777","1,664","3,074,965"
LO,6867,HACr,Hackney Downs,LO boarding / alighting,Scaled,"2,203","2,256","1,867",889,"2,253","2,396","1,787",959,"1,715,892"
LO,6978,HKWr,Hackney Wick,Station entry / exit,Scaled,"1,849","1,722","1,458",959,"1,509","1,406","1,205",925,"1,294,674"
LO,1022,HGGr,Haggerston,Station entry / exit,Gateline,"1,757","1,916",966,623,"1,667","1,839",942,606,"1,260,312"
LO,1413,HDHr,Hampstead Heath,Station entry / exit,Gateline,"3,339","3,334","3,377","2,146","3,166","3,168","3,662","2,172","2,698,906"
LO,596,HARu,Harlesden,LO boarding / alighting,Scaled,"1,210","1,153",691,327,"1,036","1,002",494,475,"802,692"
LO,7401,HRYr,Harringay Green Lanes,Station entry / exit,Scaled,"1,309","1,322","1,110",669,"1,379","1,370","1,028",763,"1,043,961"
LO,597,HAWu,Harrow & Wealdstone,LO boarding / alighting,Scaled,"2,105","2,072","1,403","1,011","2,389","2,441","1,501","1,183","1,690,377"
LO,1398,HTEr,Hatch End,Station entry / exit,Gateline,534,514,188,113,525,505,190,104,"356,731"
LO,1434,HDLr,Headstone Lane,Station entry / exit,Scaled,590,596,256,113,608,589,277,146,"413,101"
LO,6919,HIPr,Highams Park,Station entry / exit,Gateline,"1,831","1,807",813,541,"1,632","1,622",763,504,"1,215,998"
LO,603,HBYu,Highbury & Islington,LO boarding / alighting,Scaled,"11,466","10,119","6,695","4,723","11,173","8,421","6,266","3,826","7,981,544"
LO,6979,HMNr,Homerton,Station entry / exit,Gateline,"3,592","3,600","2,145","1,415","3,389","3,411","1,999","1,386","2,563,827"
LO,5418,HPAr,Honor Oak Park,Station entry / exit,Gateline,"1,521","1,610",696,437,"1,503","1,545",661,449,"1,069,321"
LO,1023,HOXr,Hoxton,Station entry / exit,Gateline,"1,921","1,932",805,511,"1,834","1,834",729,548,"1,305,815"
LO,9586,IMWr,Imperial Wharf,Station entry / exit,Gateline,"2,354","2,390","1,001",500,"2,144","2,132",896,443,"1,547,700"
LO,617,KGNu,Kensal Green,LO boarding / alighting,Scaled,425,428,248,204,532,553,345,296,"361,487"
LO,1448,KNRr,Kensal Rise,Station entry / exit,Scaled,"2,368","2,237","1,832",840,"2,482","2,372","1,835",747,"1,791,959"
LO,618,OLYu,Kensington (Olympia),LO boarding / alighting,Scaled,"1,755","1,911",526,371,"1,896","1,953",541,417,"1,239,865"
LO,1449,KTWr,Kentish Town West,Station entry / exit,Scaled,"1,580","1,619","1,036",599,"1,392","1,368",731,369,"1,077,455"
LO,620,KETu,Kenton,LO boarding / alighting,Scaled,715,643,289,237,890,809,257,196,"539,817"
LO,621,KEWu,Kew Gardens,LO boarding / alighting,Scaled,702,636,443,335,647,592,441,270,"496,843"
LO,1415,KBNr,Kilburn High Road,Station entry / exit,Gateline,593,619,383,285,581,585,360,275,"441,473"
LO,7402,LEMr,Leyton Midland Road,Station entry / exit,Gateline,"1,562","1,585",905,543,"1,507","1,523",833,526,"1,112,804"
LO,7403,LERr,Leytonstone High Road,Station entry / exit,Gateline,"1,034","1,057",616,431,993,978,563,382,"742,928"
LO,6965,LSTr,Liverpool Street NR,LO boarding / alighting,Manual Count,"4,686","4,630","2,492","1,161","4,494","3,888","3,778","2,036","3,347,868"
LO,6966,LOFr,London Fields,Station entry / exit,Scaled,989,961,769,634,960,950,862,837,"787,176"
LO,5150,NWXr,New Cross,LO boarding / alighting,Loadweigh,"1,761","1,901","1,955",689,"1,911","2,065","2,002",984,"1,492,538"
LO,5345,NXGr,New Cross Gate,LO boarding / alighting,Scaled,"2,676","2,681","1,843",889,"3,064","2,888","1,775",905,"2,076,254"
LO,659,NWBu,North Wembley,LO boarding / alighting,Scaled,475,479,225,141,442,467,214,132,"325,474"
LO,5376,NWDr,Norwood Junction,LO boarding / alighting,Scaled,"1,056","1,046",562,440,990,"1,029",579,402,"749,301"
LO,5423,PMRr,Peckham Rye,LO boarding / alighting,Scaled,"1,810","1,785","1,223",864,"2,247","2,240","1,392","1,062","1,518,905"
LO,5378,PNWr,Penge West,Station entry / exit,Scaled,573,565,389,232,414,390,217,133,"359,406"
LO,680,QPKu,Queen's Park,LO boarding / alighting,Scaled,"1,119","1,088",715,605,"1,123","1,117",648,635,"844,082"
LO,5424,QRPr,Queens Road Peckham,Station entry / exit,Scaled,"1,263","1,011",937,613,"1,295","1,049",937,612,"942,423"
LO,6967,RECr,Rectory Road,Station entry / exit,Scaled,698,446,377,258,674,434,411,265,"468,783"
LO,686,RMDu,Richmond,LO boarding / alighting,Loadweigh,"2,769","2,612","2,447","1,937","2,949","2,656","2,568","1,868","2,269,847"
LO,6886,RMFr,Romford,LO boarding / alighting,Scaled,417,403,138,85,443,439,176,71,"289,814"
LO,1039,ROEr,Rotherhithe,Station entry / exit,Gateline,874,969,476,323,766,841,396,265,"601,765"
LO,698,SVSu,Seven Sisters,LO boarding / alighting,Manual Count,"6,103","6,242","4,056","2,942","5,615","5,360","5,517","3,546","4,574,073"
LO,1082,SDEr,Shadwell LO,Station entry / exit,Gateline,"2,688","2,847","1,554","1,013","2,571","2,689","1,686","1,113","1,956,196"
LO,9587,SPBr,Shepherd's Bush NR,Station entry / exit,Gateline,"4,026","4,067","2,288","1,282","4,053","4,082","2,200","1,185","2,900,189"
LO,1024,SDCr,Shoreditch High Street,Station entry / exit,Gateline,"1,908","2,009",968,759,"1,884","2,059",870,668,"1,376,963"
LO,6972,SLVr,Silver Street,Station entry / exit,Scaled,"2,231","2,215","1,165",639,"2,234","2,249","1,204",669,"1,589,687"
LO,1452,SATr,South Acton,Station entry / exit,Scaled,847,863,601,589,850,878,621,777,"682,929"
LO,1451,SOHr,South Hampstead,Station entry / exit,Scaled,474,538,306,229,438,478,305,232,"352,022"
LO,709,SKTu,South Kenton,LO boarding / alighting,Scaled,283,285,170,239,459,473,251,263,"285,140"
LO,7404,STOr,South Tottenham,Station entry / exit,Gateline,"1,601","1,567",875,617,"1,597","1,557",878,612,"1,156,264"
LO,6947,SBUr,Southbury,Station entry / exit,Gateline,845,830,467,258,873,881,479,273,"615,296"
LO,6973,SJSr,St James Street,Station entry / exit,Gateline,988,"1,018",686,447,913,932,642,411,"719,781"
LO,6968,SMHr,Stamford Hill,Station entry / exit,Scaled,886,901,442,415,868,878,452,319,"637,758"
LO,6934,SKWr,Stoke Newington,Station entry / exit,Scaled,"1,030",985,577,554,857,874,626,508,"715,508"
LO,717,SPKu,Stonebridge Park,LO boarding / alighting,Scaled,715,691,234,128,692,667,219,123,"468,680"
LO,719,SFDu,Stratford,LO boarding / alighting,Loadweigh,"15,816","14,886","10,432","6,704","15,062","15,310","10,032","6,562","11,480,255"
LO,1083,SQEr,Surrey Quays,Station entry / exit,Gateline,"2,973","3,063","1,678","1,076","2,742","2,849","1,509","1,019","2,084,074"
LO,5437,SYDr,Sydenham,LO boarding / alighting,Scaled,"1,360","1,367",765,522,"1,696","1,794",763,557,"1,100,736"
LO,6949,TEOr,Theobalds Grove,Station entry / exit,Gateline,581,590,238,177,536,558,245,153,"392,947"
LO,6952,TURr,Turkey Street,Station entry / exit,Gateline,930,892,400,301,852,856,366,263,"623,317"
LO,736,UPMu,Upminster,LO boarding / alighting,Scaled,343,343,130,73,335,336,125,89,"232,361"
LO,1524,UHLr,Upper Holloway,Station entry / exit,Scaled,"1,518","1,577",949,654,"1,396","1,384",892,643,"1,087,744"
LO,742,WALu,Walthamstow Central,LO boarding / alighting,Manual Count,"3,195","3,230","2,030","1,330","2,767","2,756","2,795","1,773","2,317,248"
LO,7407,WMWr,Walthamstow Queen's Road,Station entry / exit,Manual Count,"1,286","1,317",698,446,"1,221","1,265","1,303",747,"969,517"
LO,5372,WWRr,Wandsworth Road,Station entry / exit,Scaled,621,396,209,151,589,423,262,181,"393,435"
LO,7408,WNPr,Wanstead Park,Station entry / exit,Gateline,"1,395","1,433",844,500,"1,330","1,328",799,482,"996,649"
LO,1085,WPEr,Wapping,Station entry / exit,Gateline,"1,048","1,120",726,470,993,"1,028",675,470,"775,518"
LO,1455,WFHr,Watford High Street,Station entry / exit,Gateline,"1,060","1,054",507,372,969,948,471,322,"720,831"
LO,1402,WFJr,Watford Junction,LO boarding / alighting,Manual Count,854,855,649,462,871,823,685,466,"664,957"
LO,751,WEMu,Wembley Central,LO boarding / alighting,Scaled,"1,170",959,"1,023",582,"1,244","1,038",886,471,"895,091"
LO,755,WBTu,West Brompton,LO boarding / alighting,Scaled,"2,396","2,194","1,270",933,"1,459","1,339",641,384,"1,355,343"
LO,5411,WCYr,West Croydon NR,LO boarding / alighting,Loadweigh,"3,038","3,185","2,479","1,308","2,950","2,980","2,445",987,"2,289,241"
LO,1421,WHDr,West Hampstead LO,Station entry / exit,Gateline,"3,858","3,868","2,576","1,533","3,639","3,573","2,344","1,413","2,773,686"
LO,6956,WHLr,White Hart Lane,Station entry / exit,Gateline,"1,549","1,503",620,401,"1,427","1,420",604,377,"1,027,468"
LO,763,WCLu,Whitechapel,LO boarding / alighting,Scaled,"8,340","7,571","4,074","3,399","8,235","7,372","4,388","4,126","5,946,354"
LO,766,WJNu,Willesden Junction,LO boarding / alighting,Scaled,"8,479","7,725","4,325","1,720","9,178","8,370","4,922","2,176","6,097,203"
LO,6954,WSTr,Wood Street,Station entry / exit,Scaled,"1,393","1,376",721,531,"1,222","1,184",708,501,"947,291"
LO,7467,WGRr,Woodgrange Park,Station entry / exit,Gateline,"1,079","1,111",811,486,976,956,723,401,"778,844"
DLR,750,ABRd,Abbey Road,Station entry / exit,APC,"1,089","1,098",797,535,"1,101","1,118",790,585,"860,312"
DLR,850,ALSd,All Saints,Station entry / exit,APC,"1,600","1,517",986,741,"1,613","1,505",985,709,"1,211,243"
DLR,513,BNKu,Bank and Monument,DLR boarding / alighting,APC,"11,100","11,376","6,813","5,263","11,129","11,402","7,598","5,399","8,594,178"
DLR,895,BECd,Beckton,Station entry / exit,APC,"2,025","1,996","1,365",887,"2,787","2,943","2,023","1,239","1,866,578"
DLR,891,BEPd,Beckton Park,Station entry / exit,APC,44,71,50,37,386,408,234,123,"165,824"
DLR,882,BLAd,Blackwall,Station entry / exit,APC,"1,126","1,182",826,550,"1,165","1,206",827,582,"901,590"
DLR,851,BOCd,Bow Church,Station entry / exit,APC,"3,472","3,421","2,308","1,680","2,408","2,441","1,760","1,333","2,291,713"
DLR,842,CAWd,Canary Wharf DLR,Station entry / exit,APC,"5,138","5,550","4,331","2,944","5,249","5,658","4,194","2,837","4,222,389"
DLR,884,CNTu,Canning Town,DLR boarding / alighting,APC,"14,000","14,115","11,030","7,382","13,194","13,419","10,206","6,541","10,785,820"
DLR,854,CROd,Crossharbour,Station entry / exit,APC,"2,534","2,634","1,818","1,291","2,653","2,772","1,907","1,451","2,051,762"
DLR,887,CUHd,Custom House,Station entry / exit,APC,"1,018","1,074",597,438,"1,009","1,052",636,425,"774,342"
DLR,879,CUSd,Cutty Sark,Station entry / exit,APC,"2,968","2,918","2,690","2,349","3,171","3,176","2,711","2,249","2,561,980"
DLR,893,CYPd,Cyprus,Station entry / exit,APC,"1,347","1,300",476,350,"1,161","1,163",396,312,"877,612"
DLR,897,DEBd,Deptford Bridge,Station entry / exit,APC,"1,626","1,689","1,369","1,024","1,186","1,269",945,550,"1,139,053"
DLR,867,DERd,Devons Road,Station entry / exit,APC,"1,800","1,789","1,223","1,022","1,791","1,842","1,248","1,073","1,418,974"
DLR,883,EAId,East India,Station entry / exit,APC,"2,384","2,402","1,389","1,098","2,110","2,097","1,200",968,"1,703,338"
DLR,898,ELRd,Elverson Road,Station entry / exit,APC,"1,287","1,278",856,622,"1,254","1,305",922,643,"992,404"
DLR,894,GARd,Gallions Reach,Station entry / exit,APC,"1,052","1,117",731,520,"1,166","1,196",798,614,"870,533"
DLR,928,GREd,Greenwich,DLR boarding / alighting,APC,"2,658","2,699","1,857","1,291","2,633","2,753","2,035","1,354","2,084,916"
DLR,855,HEQd,Heron Quays,Station entry / exit,APC,"2,840","2,767","2,125","1,704","2,994","2,934","2,205","1,639","2,308,727"
DLR,856,ISGd,Island Gardens,Station entry / exit,APC,"1,697","1,750","1,244",944,"1,674","1,698","1,115",892,"1,328,528"
DLR,523,KGVd,King George V,Station entry / exit,APC,"1,840","1,804","1,112",745,"1,879","1,876","1,128",802,"1,402,423"
DLR,853,LAPd,Langdon Park,Station entry / exit,APC,"3,423","3,530","2,208","1,634","3,037","3,052","2,013","1,389","2,492,349"
DLR,940,LEWd,Lewisham DLR,Station entry / exit,APC,"5,377","5,415","3,532","2,655","5,567","5,690","3,652","2,697","4,236,407"
DLR,862,LIMd,Limehouse DLR,Station entry / exit,APC,"4,136","4,159","2,648","2,132","6,178","6,331","3,775","2,712","3,958,417"
DLR,533,LCAd,London City Airport,Station entry / exit,APC,"1,055","1,158",565,550,"1,166","1,263",565,566,"851,219"
DLR,857,MUDd,Mudchute,Station entry / exit,APC,"1,310","1,314",983,680,"1,268","1,268","1,009",765,"1,027,512"
DLR,538,PDKd,Pontoon Dock,Station entry / exit,APC,"1,542","1,640","1,289",881,"1,632","1,703","1,313",895,"1,285,216"
DLR,858,POPd,Poplar,Station entry / exit,APC,"1,445","1,352",748,673,"1,629","1,561",779,704,"1,135,902"
DLR,888,PRRd,Prince Regent,Station entry / exit,APC,"1,216","1,220",669,422,"1,371","1,335",699,496,"952,650"
DLR,859,PMLd,Pudding Mill Lane,Station entry / exit,APC,837,847,447,295,828,846,457,315,"619,028"
DLR,890,ROAd,Royal Albert,Station entry / exit,APC,828,806,474,314,898,892,512,333,"642,156"
DLR,886,ROVd,Royal Victoria,Station entry / exit,APC,"2,434","2,835","2,818","2,134","2,451","2,709","2,970","2,108","2,219,789"
DLR,860,SHAd,Shadwell DLR,Station entry / exit,APC,"5,377","5,342","3,072","2,198","5,430","5,505","3,116","2,247","4,061,469"
DLR,861,SOQd,South Quay,Station entry / exit,APC,"2,639","2,569","1,408",966,"2,775","2,698","1,495",955,"1,990,713"
DLR,889,STLd,Star Lane,Station entry / exit,APC,"1,522","1,487",768,503,"1,601","1,551",775,547,"1,135,766"
DLR,719,SFDu,Stratford,DLR boarding / alighting,APC,"11,707","11,972","8,639","5,145","10,872","11,279","7,508","4,476","8,756,684"
DLR,749,SHSd,Stratford High Street,Station entry / exit,APC,"1,334","1,248",720,483,"1,145","1,122",666,478,"917,986"
DLR,504,STId,Stratford International DLR,Station entry / exit,APC,"2,993","3,161","1,799","1,284","3,025","3,122","1,710","1,228","2,283,993"
DLR,864,TOGd,Tower Gateway,Station entry / exit,APC,"1,640","1,610","1,169",958,"1,741","1,877","1,281",953,"1,344,452"
DLR,757,WHMu,West Ham,DLR boarding / alighting,APC,"3,089","3,288","1,210",654,"2,646","2,734","1,207",604,"2,043,843"
DLR,866,WIQd,West India Quay,Station entry / exit,APC,325,336,263,205,410,387,340,238,"296,160"
DLR,559,WSId,West Silvertown,Station entry / exit,APC,"1,332","1,422",902,633,"1,464","1,524",926,680,"1,085,312"
DLR,865,WESd,Westferry,Station entry / exit,APC,"3,161","3,301","2,519","1,826","3,242","3,293","2,518","1,916","2,579,546"
DLR,573,WOAd,Woolwich Arsenal,Station entry / exit,APC,"10,472","10,534","7,086","4,377","10,599","10,634","7,109","4,660","8,083,374"
EZL,3000,AMLr,Acton Main Line,Station entry / exit,Scaled,253,237,135,50,226,205,141,57,"178,777"
EZL,6872,BREr,Brentwood,Station entry / exit,Gateline,"1,691","1,630",581,336,"1,568","1,498",552,318,"1,168,543"
EZL,3176,BNMr,Burnham,Station entry / exit,Gateline,136,135,76,51,145,137,67,39,"106,258"
EZL,6874,CTHr,Chadwell Heath,Station entry / exit,Gateline,"3,402","3,321","1,657",942,"3,199","3,078","1,612",861,"2,469,914"
EZL,560,EBYu,Ealing Broadway,TfL Rail boarding / alighting,Scaled,"1,392","1,406",762,520,"1,556","1,532",821,561,"1,135,552"
EZL,6876,FOGr,Forest Gate,Station entry / exit,Gateline,"3,354","3,208","1,970","1,064","3,144","2,990","1,845","1,049","2,488,244"
EZL,6877,GDPr,Gidea Park,Station entry / exit,Gateline,"1,910","1,690",627,384,"1,700","1,553",571,313,"1,273,342"
EZL,6878,GMYr,Goodmayes,Station entry / exit,Gateline,"3,140","3,065","1,705",861,"2,933","2,816","1,589",792,"2,290,994"
EZL,3191,HANr,Hanwell,Station entry / exit,Scaled,459,426,191,21,643,605,237,77,"387,664"
EZL,6879,HROr,Harold Wood,Station entry / exit,Gateline,"2,189","2,110",946,505,"2,118","2,022",883,464,"1,573,665"
EZL,3186,HAYr,Hayes & Harlington,TfL Rail boarding / alighting,Scaled,"1,709","1,601",889,541,"1,359","1,264",653,384,"1,147,933"
EZL,7091,HAFr,Heathrow Terminal 4 EL,,,,,,,,,,,
EZL,9846,HWVr,Heathrow Terminal 5 EL,TfL Rail boarding / alighting,Loadweigh,632,776,662,886,774,869,501,832,"668,011"
EZL,7090,HXXr,Heathrow Terminals 2 & 3 EL,TfL Rail boarding / alighting,Scaled,153,183,144,244,114,151,83,92,"129,339"
EZL,6881,IFDr,Ilford,Station entry / exit,Gateline,"5,089","5,146","3,087","1,676","5,081","4,983","2,979","1,633","3,930,054"
EZL,3170,IVRr,Iver,Station entry / exit,Gateline,62,61,34,12,52,51,30,13,"43,002"
EZL,3171,LNYr,Langley,Station entry / exit,Gateline,117,113,48,39,105,98,40,26,"81,604"
EZL,6965,LSTr,Liverpool Street NR,TfL Rail boarding / alighting,Loadweigh,"10,321","8,609","5,480","2,914","12,710","11,800","8,965","4,451","8,767,094"
EZL,3147,MAIr,Maidenhead,Station entry / exit,Gateline,134,123,92,68,121,114,96,48,"102,141"
EZL,6883,MNPr,Manor Park,Station entry / exit,Gateline,"2,162","2,170","1,665",826,"2,020","2,002","1,548",856,"1,687,629"
EZL,6970,MYLr,Maryland,Station entry / exit,Gateline,"1,569","1,526",892,455,"1,240","1,275",749,422,"1,080,904"
EZL,3087,PADr,Paddington NR,TfL Rail boarding / alighting,Loadweigh,"6,703","6,472","3,860","3,257","8,132","8,176","6,249","4,019","5,977,071"
EZL,3149,RDGr,Reading,TfL Rail boarding / alighting,Loadweigh,"1,314","1,371",705,705,"1,673","1,845","1,105",842,"1,211,829"
EZL,6886,RMFr,Romford,TfL Rail boarding / alighting,Scaled,"5,584","5,531","2,939","1,657","5,738","5,610","2,998","1,582","4,279,882"
EZL,6893,SVKr,Seven Kings,TfL Rail boarding / alighting,Scaled,"2,940","2,780","1,516",822,"2,639","2,460","1,338",772,"2,087,123"
EZL,6888,SNFr,Shenfield,TfL Rail boarding / alighting,Loadweigh,"1,571","1,871",905,549,"1,893","1,872","1,149",689,"1,365,424"
EZL,3172,SLOr,Slough,Station entry / exit,Gateline,283,268,170,145,309,306,202,130,"234,410"
EZL,3187,STLr,Southall,TfL Rail boarding / alighting,Scaled,"1,866","1,847",968,550,"1,941","1,847",943,528,"1,429,088"
EZL,719,SFDu,Stratford,TfL Rail boarding / alighting,Scaled,"9,632","9,750","8,584","6,660","10,172","10,482","8,371","6,262","8,480,044"
EZL,3151,TAPr,Taplow,Station entry / exit,Gateline,28,24,7,10,31,30,7,8,"20,878"
EZL,3155,TWYr,Twyford,Station entry / exit,Gateline,17,18,5,3,20,22,5,5,"13,407"
EZL,3174,WDTr,West Drayton,Station entry / exit,Gateline,"1,406","1,362",691,485,"1,540","1,503",701,414,"1,104,778"
EZL,3188,WEAr,West Ealing,TfL Rail boarding / alighting,Scaled,864,826,420,116,964,906,455,161,"663,903"